shipment_ref,sku,store_code,quantity,priority,status,shipped_at,delivered_at
SHP-00001,CLTH-002,WMT-TX-001,189,low,pending,2026-02-24T14:49:12.375890,
SHP-00002,CLTH-002,WMT-FL-001,183,normal,in_transit,2026-03-18T14:49:12.375890,
SHP-00003,ELEC-002,WMT-GA-001,57,normal,in_transit,2026-03-08T14:49:12.375890,
SHP-00004,GROC-001,WMT-NY-001,46,normal,in_transit,2026-03-14T14:49:12.375890,
SHP-00005,GROC-001,WMT-FL-001,144,normal,delivered,2026-03-04T14:49:12.375890,2026-03-06T14:49:12.375890
SHP-00006,GROC-002,WMT-TX-002,164,high,cancelled,2026-02-28T14:49:12.375890,
SHP-00007,ELEC-002,WMT-NY-001,53,normal,in_transit,2026-03-08T14:49:12.375890,
SHP-00008,ELEC-002,WMT-AZ-001,48,high,cancelled,2026-02-20T14:49:12.375890,
SHP-00009,HOME-002,WMT-GA-001,33,normal,delivered,2026-02-23T14:49:12.375890,2026-02-26T14:49:12.375890
SHP-00010,HOME-002,WMT-AZ-001,182,low,delivered,2026-02-23T14:49:12.375890,2026-02-25T14:49:12.375890
SHP-00011,ELEC-001,WMT-GA-001,150,normal,pending,2026-02-27T14:49:12.375890,
SHP-00012,ELEC-003,WMT-TX-002,125,normal,delivered,2026-03-16T14:49:12.375890,2026-03-21T14:49:12.375890
SHP-00013,ELEC-003,WMT-FL-001,199,high,in_transit,2026-02-22T14:49:12.375890,
SHP-00014,GROC-002,WMT-NY-001,81,normal,in_transit,2026-02-22T14:49:12.375890,
SHP-00015,ELEC-002,WMT-CA-002,93,high,delivered,2026-02-23T14:49:12.375890,2026-02-24T14:49:12.375890
SHP-00016,HOME-001,WMT-NY-001,135,high,delivered,2026-03-03T14:49:12.375890,2026-03-05T14:49:12.375890
SHP-00017,ELEC-001,WMT-FL-001,9,normal,delivered,2026-03-16T14:49:12.375890,2026-03-19T14:49:12.375890
SHP-00018,CLTH-002,WMT-IL-001,-2,low,delivered,2026-03-18T14:49:12.375890,2026-03-23T14:49:12.375890
SHP-00019,TOYS-001,WMT-GA-001,105,normal,in_transit,2026-03-03T14:49:12.375890,
SHP-00020,CLTH-002,WMT-AZ-001,119,normal,delivered,2026-03-13T14:49:12.375890,2026-03-16T14:49:12.375890
SHP-00021,HOME-002,WMT-GA-001,31,low,in_transit,2026-03-03T14:49:12.375890,
SHP-00022,GROC-002,WMT-TX-001,80,normal,in_transit,2026-02-22T14:49:12.375890,
SHP-00023,GROC-001,WMT-TX-002,19,normal,in_transit,2026-02-16T14:49:12.375890,
SHP-00024,CLTH-002,WMT-IL-001,136,normal,delivered,2026-03-13T14:49:12.375890,2026-03-15T14:49:12.375890
SHP-00025,ELEC-002,WMT-CA-002,73,low,delivered,2026-03-07T14:49:12.375890,2026-03-12T14:49:12.375890
SHP-00026,CLTH-001,WMT-AZ-001,195,normal,delivered,2026-03-13T14:49:12.375890,2026-03-18T14:49:12.375890
SHP-00027,CLTH-001,WMT-WA-001,183,normal,in_transit,2026-02-18T14:49:12.375890,
SHP-00028,HOME-002,WMT-CA-002,65,low,in_transit,2026-03-02T14:49:12.375890,
SHP-00029,HOME-002,WMT-NY-001,111,high,delivered,2026-02-22T14:49:12.375890,2026-02-27T14:49:12.375890
SHP-00030,INVALID-SKU,WMT-WA-001,145,high,in_transit,2026-03-02T14:49:12.375890,
SHP-00031,TOYS-001,WMT-WA-001,156,normal,delivered,2026-02-27T14:49:12.375890,2026-02-28T14:49:12.375890
SHP-00032,TOYS-001,WMT-GA-001,151,critical,pending,2026-03-13T14:49:12.375890,
SHP-00033,CLTH-002,WMT-AZ-001,148,high,delivered,2026-03-10T14:49:12.375890,2026-03-14T14:49:12.375890
SHP-00034,GROC-002,WMT-GA-001,10,low,delivered,2026-03-11T14:49:12.375890,2026-03-12T14:49:12.375890
SHP-00035,ELEC-001,WMT-WA-001,32,normal,in_transit,2026-03-07T14:49:12.375890,
SHP-00036,GROC-002,WMT-CA-002,45,high,in_transit,2026-03-16T14:49:12.375890,
SHP-00037,GROC-002,WMT-NY-001,84,high,pending,2026-02-17T14:49:12.375890,
SHP-00038,CLTH-001,WMT-FL-001,104,normal,pending,2026-02-18T14:49:12.375890,
SHP-00039,CLTH-002,WMT-CA-002,134,normal,pending,2026-02-28T14:49:12.375890,
SHP-00040,CLTH-001,WMT-CA-001,53,normal,pending,2026-03-11T14:49:12.375890,
SHP-00041,GROC-002,WMT-NY-001,20,low,pending,2026-03-04T14:49:12.375890,
SHP-00042,GROC-001,WMT-CA-002,159,normal,delivered,2026-02-26T14:49:12.375890,2026-03-01T14:49:12.375890
SHP-00043,ELEC-003,WMT-NY-001,88,high,in_transit,2026-03-07T14:49:12.375890,
SHP-00044,CLTH-001,WMT-CA-002,176,high,pending,2026-02-20T14:49:12.375890,
SHP-00045,HOME-001,WMT-GA-001,57,normal,in_transit,2026-03-01T14:49:12.375890,
SHP-00046,ELEC-003,WMT-GA-001,171,normal,pending,2026-02-28T14:49:12.375890,
SHP-00047,GROC-001,WMT-AZ-001,94,low,pending,2026-02-20T14:49:12.375890,
SHP-00048,CLTH-001,WMT-FL-001,157,low,delivered,2026-03-18T14:49:12.375890,2026-03-21T14:49:12.375890
SHP-00049,ELEC-003,WMT-IL-001,10,low,delivered,2026-02-25T14:49:12.375890,2026-02-27T14:49:12.375890
SHP-00050,HOME-002,WMT-CA-002,102,high,delivered,2026-02-16T14:49:12.375890,2026-02-18T14:49:12.375890
SHP-00051,GROC-001,WMT-WA-001,192,high,delivered,2026-03-01T14:49:12.375890,2026-03-04T14:49:12.375890
SHP-00052,HOME-001,WMT-GA-001,159,normal,delivered,2026-03-18T14:49:12.375890,2026-03-20T14:49:12.375890
SHP-00053,ELEC-003,WMT-WA-001,112,normal,delivered,2026-02-16T14:49:12.375890,2026-02-19T14:49:12.375890
SHP-00054,TOYS-001,WMT-CA-001,172,normal,delivered,2026-02-26T14:49:12.375890,2026-02-27T14:49:12.375890
SHP-00055,TOYS-001,WMT-CA-001,92,low,delivered,2026-02-20T14:49:12.375890,2026-02-24T14:49:12.375890
SHP-00056,HOME-001,WMT-TX-001,103,high,delivered,2026-03-18T14:49:12.375890,2026-03-22T14:49:12.375890
SHP-00057,HOME-002,WMT-NY-001,106,low,in_transit,2026-03-18T14:49:12.375890,
SHP-00058,HOME-001,WMT-IL-001,39,normal,delivered,2026-02-17T14:49:12.375890,2026-02-20T14:49:12.375890
SHP-00059,ELEC-001,WMT-WA-001,160,low,delivered,2026-02-16T14:49:12.375890,2026-02-18T14:49:12.375890
SHP-00060,GROC-002,WMT-AZ-001,38,normal,delivered,2026-02-26T14:49:12.375890,2026-03-02T14:49:12.375890
SHP-00061,TOYS-001,WMT-AZ-001,85,high,pending,2026-03-05T14:49:12.375890,
SHP-00062,HOME-001,WMT-FL-001,103,normal,cancelled,2026-03-05T14:49:12.375890,
SHP-00063,ELEC-002,WMT-TX-002,-3,normal,delivered,2026-03-02T14:49:12.375890,2026-03-05T14:49:12.375890
SHP-00064,GROC-002,WMT-FL-001,107,normal,delivered,2026-03-04T14:49:12.375890,2026-03-08T14:49:12.375890
SHP-00065,GROC-002,WMT-CA-002,92,high,delivered,2026-02-25T14:49:12.375890,2026-02-27T14:49:12.375890
SHP-00066,TOYS-001,WMT-CA-002,72,normal,pending,2026-03-04T14:49:12.375890,
SHP-00067,CLTH-001,WMT-CA-002,74,low,pending,2026-03-15T14:49:12.375890,
SHP-00068,ELEC-001,WMT-NY-001,90,low,in_transit,2026-02-25T14:49:12.375890,
SHP-00069,GROC-001,WMT-FL-001,83,normal,pending,2026-03-13T14:49:12.375890,
SHP-00070,CLTH-001,WMT-IL-001,191,high,delivered,2026-03-06T14:49:12.375890,2026-03-09T14:49:12.375890
SHP-00071,INVALID-SKU,WMT-AZ-001,6,normal,in_transit,2026-03-17T14:49:12.375890,
SHP-00072,ELEC-003,WMT-WA-001,178,normal,in_transit,2026-02-28T14:49:12.375890,
SHP-00073,ELEC-002,WMT-NY-001,-2,high,in_transit,2026-03-02T14:49:12.375890,
SHP-00074,HOME-002,WMT-CA-001,63,low,delivered,2026-02-21T14:49:12.375890,2026-02-25T14:49:12.375890
SHP-00075,HOME-002,WMT-WA-001,97,normal,delivered,2026-03-17T14:49:12.375890,2026-03-20T14:49:12.375890
SHP-00076,CLTH-002,WMT-TX-001,14,low,pending,2026-02-17T14:49:12.375890,
SHP-00077,CLTH-002,WMT-NY-001,103,normal,delivered,2026-03-06T14:49:12.375890,2026-03-10T14:49:12.375890
SHP-00078,ELEC-002,WMT-CA-001,120,low,pending,2026-02-24T14:49:12.375890,
SHP-00079,GROC-001,WMT-AZ-001,114,normal,delivered,2026-03-02T14:49:12.375890,2026-03-03T14:49:12.375890
SHP-00080,GROC-001,WMT-IL-001,116,normal,pending,2026-03-04T14:49:12.375890,
SHP-00081,CLTH-002,WMT-FL-001,87,critical,pending,2026-03-13T14:49:12.375890,
SHP-00082,HOME-001,WMT-WA-001,184,high,in_transit,2026-03-17T14:49:12.375890,
SHP-00083,ELEC-001,WMT-NY-001,13,normal,delivered,2026-03-13T14:49:12.375890,2026-03-15T14:49:12.375890
SHP-00084,HOME-002,WMT-AZ-001,99,normal,in_transit,2026-03-01T14:49:12.375890,
SHP-00085,HOME-002,WMT-GA-001,194,normal,delivered,2026-03-03T14:49:12.375890,2026-03-06T14:49:12.375890
SHP-00086,TOYS-001,WMT-GA-001,46,normal,in_transit,2026-02-28T14:49:12.375890,
SHP-00087,ELEC-001,WMT-FL-001,140,normal,delivered,2026-03-18T14:49:12.375890,2026-03-20T14:49:12.375890
SHP-00088,GROC-001,WMT-GA-001,173,low,in_transit,2026-02-17T14:49:12.375890,
SHP-00089,ELEC-001,WMT-NY-001,60,normal,in_transit,2026-03-11T14:49:12.375890,
SHP-00090,ELEC-002,WMT-TX-002,155,low,pending,2026-02-17T14:49:12.375890,
SHP-00091,GROC-002,WMT-CA-002,2,normal,pending,2026-03-16T14:49:12.375890,
SHP-00092,HOME-002,WMT-NY-001,128,low,delivered,2026-02-25T14:49:12.375890,2026-03-02T14:49:12.375890
SHP-00093,TOYS-001,WMT-TX-002,161,normal,in_transit,2026-03-04T14:49:12.375890,
SHP-00094,GROC-001,WMT-GA-001,74,normal,delivered,2026-02-23T14:49:12.375890,2026-02-28T14:49:12.375890
SHP-00095,ELEC-002,WMT-GA-001,90,low,in_transit,2026-02-23T14:49:12.375890,
SHP-00096,ELEC-001,WMT-AZ-001,148,low,pending,2026-02-26T14:49:12.375890,
SHP-00097,TOYS-001,WMT-NY-001,88,low,pending,2026-02-23T14:49:12.375890,
SHP-00098,ELEC-002,WMT-GA-001,32,high,in_transit,2026-03-03T14:49:12.375890,
SHP-00099,CLTH-002,WMT-CA-001,15,normal,pending,2026-03-13T14:49:12.375890,
SHP-00100,TOYS-001,WMT-GA-001,23,low,pending,2026-02-28T14:49:12.375890,
SHP-00101,GROC-001,WMT-GA-001,172,high,in_transit,2026-02-18T14:49:12.375890,
SHP-00102,ELEC-003,WMT-CA-002,120,normal,in_transit,2026-02-20T14:49:12.375890,
SHP-00103,HOME-002,WMT-IL-001,5,low,pending,2026-02-16T14:49:12.375890,
SHP-00104,ELEC-001,WMT-CA-002,22,normal,delivered,2026-02-27T14:49:12.375890,2026-03-01T14:49:12.375890
SHP-00105,TOYS-001,WMT-CA-001,16,normal,delivered,2026-03-06T14:49:12.375890,2026-03-08T14:49:12.375890
SHP-00106,HOME-001,WMT-IL-001,199,low,in_transit,2026-03-05T14:49:12.375890,
SHP-00107,GROC-002,WMT-GA-001,28,normal,delivered,2026-03-14T14:49:12.375890,2026-03-16T14:49:12.375890
SHP-00108,GROC-002,WMT-IL-001,90,high,pending,2026-03-06T14:49:12.375890,
SHP-00109,GROC-001,WMT-FL-001,22,low,pending,2026-02-19T14:49:12.375890,
SHP-00110,INVALID-SKU,WMT-NY-001,32,low,delivered,2026-03-02T14:49:12.375890,2026-03-03T14:49:12.375890
SHP-00111,CLTH-001,WMT-FL-001,74,normal,pending,2026-02-19T14:49:12.375890,
SHP-00112,ELEC-003,WMT-FL-001,15,low,delivered,2026-02-18T14:49:12.375890,2026-02-20T14:49:12.375890
SHP-00113,HOME-002,WMT-FL-001,180,high,cancelled,2026-02-16T14:49:12.375890,
SHP-00114,HOME-002,WMT-CA-001,54,normal,pending,2026-03-03T14:49:12.375890,
SHP-00115,TOYS-001,WMT-NY-001,161,low,cancelled,2026-03-08T14:49:12.375890,
SHP-00116,HOME-001,WMT-TX-001,98,normal,cancelled,2026-02-16T14:49:12.375890,
SHP-00117,ELEC-003,WMT-CA-002,178,normal,delivered,2026-03-16T14:49:12.375890,2026-03-21T14:49:12.375890
SHP-00118,CLTH-001,WMT-CA-002,8,normal,delivered,2026-03-15T14:49:12.375890,2026-03-20T14:49:12.375890
SHP-00119,HOME-001,WMT-CA-002,155,high,delivered,2026-03-11T14:49:12.375890,2026-03-12T14:49:12.375890
SHP-00120,ELEC-003,WMT-TX-002,17,normal,cancelled,2026-03-15T14:49:12.375890,
SHP-00121,TOYS-001,WMT-NY-001,124,low,in_transit,2026-03-06T14:49:12.375890,
SHP-00122,HOME-001,WMT-TX-001,96,low,in_transit,2026-02-28T14:49:12.375890,
SHP-00123,GROC-002,WMT-CA-002,89,low,delivered,2026-03-04T14:49:12.375890,2026-03-08T14:49:12.375890
SHP-00124,ELEC-003,WMT-IL-001,77,high,pending,2026-02-17T14:49:12.375890,
SHP-00125,CLTH-002,WMT-GA-001,7,normal,delivered,2026-02-18T14:49:12.375890,2026-02-20T14:49:12.375890
SHP-00126,ELEC-001,WMT-TX-002,134,high,in_transit,2026-02-28T14:49:12.375890,
SHP-00127,HOME-002,WMT-TX-002,47,high,pending,2026-02-21T14:49:12.375890,
SHP-00128,TOYS-001,WMT-CA-001,97,normal,in_transit,2026-03-14T14:49:12.375890,
SHP-00129,TOYS-001,WMT-IL-001,34,normal,delivered,2026-02-18T14:49:12.375890,2026-02-23T14:49:12.375890
SHP-00130,CLTH-001,WMT-TX-001,185,high,in_transit,2026-03-01T14:49:12.375890,
SHP-00131,GROC-001,WMT-WA-001,54,normal,pending,2026-02-22T14:49:12.375890,
SHP-00132,ELEC-003,WMT-GA-001,185,normal,pending,2026-03-16T14:49:12.375890,
SHP-00133,CLTH-001,WMT-WA-001,186,normal,in_transit,2026-03-15T14:49:12.375890,
SHP-00134,GROC-001,WMT-IL-001,34,high,delivered,2026-03-03T14:49:12.375890,2026-03-04T14:49:12.375890
SHP-00135,CLTH-001,WMT-IL-001,69,normal,delivered,2026-03-15T14:49:12.375890,2026-03-19T14:49:12.375890
SHP-00136,HOME-001,WMT-NY-001,172,high,pending,2026-02-19T14:49:12.375890,
SHP-00137,ELEC-003,WMT-AZ-001,161,normal,in_transit,2026-03-03T14:49:12.375890,
SHP-00138,CLTH-001,WMT-NY-001,186,high,pending,2026-02-25T14:49:12.375890,
SHP-00139,CLTH-002,WMT-GA-001,54,normal,in_transit,2026-02-27T14:49:12.375890,
SHP-00140,CLTH-001,WMT-CA-002,1,normal,in_transit,2026-03-07T14:49:12.375890,
SHP-00141,ELEC-001,WMT-IL-001,190,low,cancelled,2026-02-22T14:49:12.375890,
SHP-00142,ELEC-003,WMT-GA-001,103,normal,pending,2026-03-05T14:49:12.375890,
SHP-00143,GROC-002,WMT-TX-002,145,low,delivered,2026-03-05T14:49:12.375890,2026-03-10T14:49:12.375890
SHP-00144,ELEC-001,WMT-CA-002,159,critical,delivered,2026-03-17T14:49:12.375890,2026-03-22T14:49:12.375890
SHP-00145,ELEC-003,WMT-IL-001,49,normal,delivered,2026-03-09T14:49:12.375890,2026-03-12T14:49:12.375890
SHP-00146,GROC-001,WMT-CA-002,82,normal,delivered,2026-02-18T14:49:12.375890,2026-02-19T14:49:12.375890
SHP-00147,ELEC-002,WMT-CA-001,59,normal,pending,2026-02-21T14:49:12.375890,
SHP-00148,CLTH-002,WMT-TX-001,53,normal,delivered,2026-03-17T14:49:12.375890,2026-03-20T14:49:12.375890
SHP-00149,CLTH-002,WMT-TX-002,137,low,in_transit,2026-03-03T14:49:12.375890,
SHP-00150,HOME-002,WMT-NY-001,61,low,delivered,2026-02-26T14:49:12.375890,2026-03-03T14:49:12.375890
SHP-00151,ELEC-002,WMT-TX-001,115,normal,delivered,2026-02-25T14:49:12.375890,2026-03-02T14:49:12.375890
SHP-00152,GROC-001,WMT-NY-001,95,normal,delivered,2026-03-02T14:49:12.375890,2026-03-07T14:49:12.375890
SHP-00153,HOME-002,WMT-TX-002,97,low,pending,2026-02-21T14:49:12.375890,
SHP-00154,HOME-001,WMT-WA-001,-5,normal,in_transit,2026-03-05T14:49:12.375890,
SHP-00155,ELEC-003,WMT-CA-001,140,normal,delivered,2026-03-17T14:49:12.375890,2026-03-18T14:49:12.375890
SHP-00156,ELEC-003,WMT-TX-001,67,normal,delivered,2026-03-01T14:49:12.375890,2026-03-03T14:49:12.375890
SHP-00157,ELEC-001,WMT-CA-001,193,normal,delivered,2026-03-04T14:49:12.375890,2026-03-07T14:49:12.375890
SHP-00158,HOME-002,WMT-AZ-001,-4,normal,in_transit,2026-02-16T14:49:12.375890,
SHP-00159,ELEC-002,WMT-AZ-001,82,low,in_transit,2026-02-17T14:49:12.375890,
SHP-00160,GROC-002,WMT-WA-001,68,low,in_transit,2026-03-13T14:49:12.375890,
SHP-00161,GROC-002,WMT-CA-002,154,high,delivered,2026-02-28T14:49:12.375890,2026-03-02T14:49:12.375890
SHP-00162,GROC-002,WMT-IL-001,73,low,delivered,2026-03-04T14:49:12.375890,2026-03-07T14:49:12.375890
SHP-00163,CLTH-001,WMT-GA-001,82,low,cancelled,2026-03-17T14:49:12.375890,
SHP-00164,GROC-002,WMT-TX-001,116,high,in_transit,2026-03-16T14:49:12.375890,
SHP-00165,ELEC-003,WMT-TX-002,198,low,in_transit,2026-03-11T14:49:12.375890,
SHP-00166,ELEC-003,WMT-WA-001,82,high,pending,2026-02-19T14:49:12.375890,
SHP-00167,TOYS-001,WMT-AZ-001,76,low,delivered,2026-02-20T14:49:12.375890,2026-02-22T14:49:12.375890
SHP-00168,CLTH-001,WMT-CA-001,130,low,pending,2026-03-05T14:49:12.375890,
SHP-00169,TOYS-001,WMT-CA-002,99,low,delivered,2026-03-12T14:49:12.375890,2026-03-16T14:49:12.375890
SHP-00170,GROC-002,WMT-WA-001,177,normal,in_transit,2026-02-18T14:49:12.375890,
SHP-00171,ELEC-003,WMT-IL-001,134,normal,delivered,2026-02-20T14:49:12.375890,2026-02-25T14:49:12.375890
SHP-00172,TOYS-001,WMT-TX-001,124,normal,delivered,2026-02-26T14:49:12.375890,2026-02-28T14:49:12.375890
SHP-00173,ELEC-003,WMT-FL-001,42,normal,in_transit,2026-02-27T14:49:12.375890,
SHP-00174,HOME-001,WMT-GA-001,180,low,pending,2026-03-14T14:49:12.375890,
SHP-00175,HOME-002,WMT-NY-001,139,low,pending,2026-03-16T14:49:12.375890,
SHP-00176,GROC-001,WMT-TX-001,72,critical,delivered,2026-02-17T14:49:12.375890,2026-02-18T14:49:12.375890
SHP-00177,TOYS-001,WMT-TX-001,15,normal,delivered,2026-03-13T14:49:12.375890,2026-03-18T14:49:12.375890
SHP-00178,TOYS-001,WMT-AZ-001,41,normal,delivered,2026-03-01T14:49:12.375890,2026-03-03T14:49:12.375890
SHP-00179,ELEC-003,WMT-NY-001,125,low,in_transit,2026-03-08T14:49:12.375890,
SHP-00180,CLTH-001,WMT-TX-002,20,low,delivered,2026-02-18T14:49:12.375890,2026-02-20T14:49:12.375890
SHP-00181,GROC-002,WMT-FL-001,46,normal,delivered,2026-03-15T14:49:12.375890,2026-03-20T14:49:12.375890
SHP-00182,CLTH-001,WMT-IL-001,58,critical,delivered,2026-03-10T14:49:12.375890,2026-03-13T14:49:12.375890
SHP-00183,ELEC-003,WMT-CA-001,69,high,delivered,2026-02-27T14:49:12.375890,2026-02-28T14:49:12.375890
SHP-00184,HOME-001,WMT-FL-001,34,low,in_transit,2026-03-18T14:49:12.375890,
SHP-00185,TOYS-001,WMT-CA-001,31,low,delivered,2026-03-18T14:49:12.375890,2026-03-23T14:49:12.375890
SHP-00186,CLTH-002,WMT-CA-002,185,high,delivered,2026-02-28T14:49:12.375890,2026-03-04T14:49:12.375890
SHP-00187,TOYS-001,WMT-TX-001,172,normal,delivered,2026-02-27T14:49:12.375890,2026-03-04T14:49:12.375890
SHP-00188,HOME-001,WMT-NY-001,142,normal,cancelled,2026-02-20T14:49:12.375890,
SHP-00189,ELEC-003,WMT-GA-001,100,low,delivered,2026-03-04T14:49:12.375890,2026-03-05T14:49:12.375890
SHP-00190,ELEC-001,WMT-CA-001,65,low,delivered,2026-03-14T14:49:12.375890,2026-03-16T14:49:12.375890
SHP-00191,CLTH-001,WMT-NY-001,84,normal,delivered,2026-03-13T14:49:12.375890,2026-03-18T14:49:12.375890
SHP-00192,GROC-001,WMT-WA-001,161,low,pending,2026-02-23T14:49:12.375890,
SHP-00193,HOME-002,WMT-TX-001,167,normal,pending,2026-03-05T14:49:12.375890,
SHP-00194,GROC-002,WMT-GA-001,62,low,pending,2026-03-07T14:49:12.375890,
SHP-00195,ELEC-001,WMT-AZ-001,16,normal,in_transit,2026-03-10T14:49:12.375890,
SHP-00196,TOYS-001,WMT-IL-001,4,normal,pending,2026-02-16T14:49:12.375890,
SHP-00197,CLTH-001,WMT-WA-001,192,normal,in_transit,2026-03-16T14:49:12.375890,
SHP-00198,ELEC-001,WMT-IL-001,55,normal,in_transit,2026-03-11T14:49:12.375890,
SHP-00199,GROC-001,WMT-CA-002,-3,high,delivered,2026-02-25T14:49:12.375890,2026-03-01T14:49:12.375890
SHP-00200,GROC-001,WMT-NY-001,-4,critical,pending,2026-02-22T14:49:12.375890,
SHP-00201,HOME-001,WMT-IL-001,149,low,in_transit,2026-02-19T14:49:12.375890,
SHP-00202,HOME-002,WMT-CA-001,76,normal,delivered,2026-03-03T14:49:12.375890,2026-03-07T14:49:12.375890
SHP-00203,GROC-002,WMT-IL-001,-2,normal,pending,2026-02-20T14:49:12.375890,
SHP-00204,CLTH-002,WMT-TX-002,71,normal,delivered,2026-02-24T14:49:12.375890,2026-02-26T14:49:12.375890
SHP-00205,HOME-001,WMT-CA-001,10,low,in_transit,2026-02-17T14:49:12.375890,
SHP-00206,HOME-001,WMT-GA-001,169,normal,delivered,2026-02-28T14:49:12.375890,2026-03-02T14:49:12.375890
SHP-00207,TOYS-001,WMT-IL-001,127,normal,delivered,2026-02-16T14:49:12.375890,2026-02-19T14:49:12.375890
SHP-00208,CLTH-002,WMT-TX-002,113,low,delivered,2026-03-05T14:49:12.375890,2026-03-09T14:49:12.375890
SHP-00209,CLTH-002,WMT-CA-002,21,normal,delivered,2026-03-05T14:49:12.375890,2026-03-09T14:49:12.375890
SHP-00210,GROC-002,WMT-FL-001,112,normal,delivered,2026-03-02T14:49:12.375890,2026-03-04T14:49:12.375890
SHP-00211,GROC-001,WMT-IL-001,78,normal,delivered,2026-03-14T14:49:12.375890,2026-03-15T14:49:12.375890
SHP-00212,ELEC-002,WMT-FL-001,122,high,pending,2026-03-13T14:49:12.375890,
SHP-00213,ELEC-001,WMT-NY-001,114,normal,delivered,2026-02-24T14:49:12.375890,2026-02-25T14:49:12.375890
SHP-00214,CLTH-002,WMT-NY-001,195,normal,pending,2026-02-28T14:49:12.375890,
SHP-00215,CLTH-001,WMT-TX-002,106,normal,delivered,2026-03-07T14:49:12.375890,2026-03-09T14:49:12.375890
SHP-00216,CLTH-001,WMT-WA-001,34,normal,delivered,2026-02-16T14:49:12.375890,2026-02-20T14:49:12.375890
SHP-00217,ELEC-002,WMT-GA-001,71,high,pending,2026-02-24T14:49:12.375890,
SHP-00218,ELEC-001,WMT-FL-001,131,high,delivered,2026-03-13T14:49:12.375890,2026-03-16T14:49:12.375890
SHP-00219,GROC-002,WMT-FL-001,162,normal,pending,2026-03-08T14:49:12.375890,
SHP-00220,CLTH-001,WMT-CA-001,42,low,delivered,2026-03-09T14:49:12.375890,2026-03-12T14:49:12.375890
SHP-00221,INVALID-SKU,WMT-GA-001,74,normal,delivered,2026-03-16T14:49:12.375890,2026-03-17T14:49:12.375890
SHP-00222,ELEC-002,WMT-AZ-001,42,normal,cancelled,2026-02-27T14:49:12.375890,
SHP-00223,GROC-001,WMT-NY-001,135,normal,in_transit,2026-02-28T14:49:12.375890,
SHP-00224,ELEC-003,WMT-CA-002,1,low,in_transit,2026-03-02T14:49:12.375890,
SHP-00225,TOYS-001,WMT-TX-001,113,normal,pending,2026-03-02T14:49:12.375890,
SHP-00226,CLTH-002,WMT-TX-002,64,normal,delivered,2026-03-08T14:49:12.375890,2026-03-11T14:49:12.375890
SHP-00227,CLTH-002,WMT-CA-002,71,low,delivered,2026-03-01T14:49:12.375890,2026-03-04T14:49:12.375890
SHP-00228,HOME-001,WMT-TX-001,190,normal,pending,2026-03-12T14:49:12.375890,
SHP-00229,ELEC-002,WMT-CA-001,160,normal,in_transit,2026-03-12T14:49:12.375890,
SHP-00230,ELEC-002,WMT-AZ-001,184,normal,in_transit,2026-02-18T14:49:12.375890,
SHP-00231,HOME-002,WMT-GA-001,37,low,pending,2026-02-19T14:49:12.375890,
SHP-00232,ELEC-002,WMT-NY-001,69,low,delivered,2026-03-06T14:49:12.375890,2026-03-08T14:49:12.375890
SHP-00233,GROC-002,WMT-CA-001,81,low,delivered,2026-02-24T14:49:12.375890,2026-02-27T14:49:12.375890
SHP-00234,CLTH-001,WMT-AZ-001,153,high,in_transit,2026-03-15T14:49:12.375890,
SHP-00235,GROC-001,WMT-NY-001,170,high,pending,2026-03-18T14:49:12.375890,
SHP-00236,ELEC-001,WMT-GA-001,3,normal,in_transit,2026-03-11T14:49:12.375890,
SHP-00237,ELEC-003,WMT-IL-001,98,low,delivered,2026-03-11T14:49:12.375890,2026-03-15T14:49:12.375890
SHP-00238,HOME-002,WMT-CA-002,161,low,pending,2026-03-01T14:49:12.375890,
SHP-00239,ELEC-002,WMT-CA-002,75,low,pending,2026-03-04T14:49:12.375890,
SHP-00240,TOYS-001,WMT-WA-001,146,low,in_transit,2026-03-03T14:49:12.375890,
SHP-00241,GROC-002,WMT-AZ-001,113,normal,pending,2026-03-08T14:49:12.375890,
SHP-00242,GROC-001,WMT-TX-001,182,normal,cancelled,2026-02-19T14:49:12.375890,
SHP-00243,TOYS-001,WMT-TX-001,172,normal,pending,2026-02-25T14:49:12.375890,
SHP-00244,ELEC-003,WMT-AZ-001,191,low,delivered,2026-03-04T14:49:12.375890,2026-03-06T14:49:12.375890
SHP-00245,INVALID-SKU,WMT-CA-002,133,normal,delivered,2026-03-17T14:49:12.375890,2026-03-19T14:49:12.375890
SHP-00246,HOME-002,WMT-AZ-001,116,high,delivered,2026-02-16T14:49:12.375890,2026-02-18T14:49:12.375890
SHP-00247,HOME-001,WMT-IL-001,199,low,delivered,2026-03-10T14:49:12.375890,2026-03-13T14:49:12.375890
SHP-00248,TOYS-001,WMT-TX-002,43,normal,delivered,2026-03-04T14:49:12.375890,2026-03-09T14:49:12.375890
SHP-00249,INVALID-SKU,WMT-CA-002,198,normal,delivered,2026-02-16T14:49:12.375890,2026-02-21T14:49:12.375890
SHP-00250,HOME-001,WMT-IL-001,36,normal,delivered,2026-02-27T14:49:12.375890,2026-02-28T14:49:12.375890
SHP-00251,HOME-001,WMT-NY-001,188,low,in_transit,2026-02-23T14:49:12.375890,
SHP-00252,CLTH-001,WMT-AZ-001,195,high,pending,2026-02-19T14:49:12.375890,
SHP-00253,CLTH-001,WMT-GA-001,9,normal,in_transit,2026-03-16T14:49:12.375890,
SHP-00254,HOME-001,WMT-NY-001,158,low,in_transit,2026-02-20T14:49:12.375890,
SHP-00255,CLTH-002,WMT-CA-001,185,low,delivered,2026-03-16T14:49:12.375890,2026-03-17T14:49:12.375890
SHP-00256,TOYS-001,WMT-TX-001,191,low,in_transit,2026-02-25T14:49:12.375890,
SHP-00257,CLTH-002,WMT-IL-001,33,critical,in_transit,2026-03-06T14:49:12.375890,
SHP-00258,HOME-001,WMT-FL-001,125,normal,in_transit,2026-02-27T14:49:12.375890,
SHP-00259,HOME-001,WMT-GA-001,124,normal,delivered,2026-03-06T14:49:12.375890,2026-03-09T14:49:12.375890
SHP-00260,HOME-002,WMT-AZ-001,175,normal,in_transit,2026-03-12T14:49:12.375890,
SHP-00261,HOME-001,WMT-AZ-001,84,high,in_transit,2026-03-07T14:49:12.375890,
SHP-00262,CLTH-002,WMT-CA-002,86,high,pending,2026-03-07T14:49:12.375890,
SHP-00263,ELEC-002,WMT-AZ-001,31,normal,pending,2026-03-15T14:49:12.375890,
SHP-00264,HOME-002,WMT-TX-002,23,low,in_transit,2026-03-09T14:49:12.375890,
SHP-00265,HOME-002,WMT-TX-001,77,low,cancelled,2026-03-07T14:49:12.375890,
SHP-00266,ELEC-001,WMT-CA-001,88,low,delivered,2026-03-15T14:49:12.375890,2026-03-20T14:49:12.375890
SHP-00267,GROC-001,WMT-WA-001,131,normal,delivered,2026-03-07T14:49:12.375890,2026-03-10T14:49:12.375890
SHP-00268,ELEC-001,WMT-GA-001,37,normal,delivered,2026-03-02T14:49:12.375890,2026-03-07T14:49:12.375890
SHP-00269,CLTH-002,WMT-TX-002,72,high,pending,2026-02-26T14:49:12.375890,
SHP-00270,CLTH-002,WMT-CA-001,14,normal,delivered,2026-03-07T14:49:12.375890,2026-03-10T14:49:12.375890
SHP-00271,ELEC-003,WMT-CA-002,42,low,in_transit,2026-03-18T14:49:12.375890,
SHP-00272,ELEC-002,WMT-GA-001,179,high,delivered,2026-03-07T14:49:12.375890,2026-03-10T14:49:12.375890
SHP-00273,CLTH-001,WMT-NY-001,192,normal,in_transit,2026-03-16T14:49:12.375890,
SHP-00274,ELEC-001,WMT-TX-002,115,low,pending,2026-03-09T14:49:12.375890,
SHP-00275,ELEC-001,WMT-CA-001,77,normal,delivered,2026-02-24T14:49:12.375890,2026-02-27T14:49:12.375890
SHP-00276,CLTH-002,WMT-AZ-001,187,normal,delivered,2026-03-07T14:49:12.375890,2026-03-11T14:49:12.375890
SHP-00277,HOME-002,WMT-AZ-001,34,normal,cancelled,2026-02-27T14:49:12.375890,
SHP-00278,TOYS-001,WMT-IL-001,82,critical,in_transit,2026-03-16T14:49:12.375890,
SHP-00279,ELEC-003,WMT-NY-001,73,normal,in_transit,2026-02-28T14:49:12.375890,
SHP-00280,ELEC-001,WMT-GA-001,17,low,pending,2026-03-04T14:49:12.375890,
SHP-00281,ELEC-003,WMT-GA-001,163,normal,in_transit,2026-03-18T14:49:12.375890,
SHP-00282,CLTH-002,WMT-CA-002,39,high,delivered,2026-03-06T14:49:12.375890,2026-03-07T14:49:12.375890
SHP-00283,HOME-001,WMT-IL-001,177,low,delivered,2026-02-19T14:49:12.375890,2026-02-23T14:49:12.375890
SHP-00284,ELEC-001,WMT-TX-002,131,normal,delivered,2026-03-07T14:49:12.375890,2026-03-08T14:49:12.375890
SHP-00285,ELEC-002,WMT-CA-002,162,normal,delivered,2026-02-22T14:49:12.375890,2026-02-23T14:49:12.375890
SHP-00286,ELEC-003,WMT-FL-001,25,low,in_transit,2026-03-10T14:49:12.375890,
SHP-00287,GROC-002,WMT-IL-001,132,critical,pending,2026-03-12T14:49:12.375890,
SHP-00288,CLTH-001,WMT-TX-001,136,critical,pending,2026-02-18T14:49:12.375890,
SHP-00289,GROC-002,WMT-GA-001,89,normal,pending,2026-02-16T14:49:12.375890,
SHP-00290,CLTH-001,WMT-FL-001,131,low,cancelled,2026-03-02T14:49:12.375890,
SHP-00291,GROC-002,WMT-CA-002,34,high,delivered,2026-03-10T14:49:12.375890,2026-03-13T14:49:12.375890
SHP-00292,ELEC-002,WMT-FL-001,26,low,delivered,2026-03-01T14:49:12.375890,2026-03-05T14:49:12.375890
SHP-00293,CLTH-002,WMT-GA-001,58,low,delivered,2026-03-12T14:49:12.375890,2026-03-16T14:49:12.375890
SHP-00294,CLTH-001,WMT-GA-001,66,low,in_transit,2026-03-03T14:49:12.375890,
SHP-00295,HOME-001,WMT-FL-001,149,critical,cancelled,2026-03-12T14:49:12.375890,
SHP-00296,HOME-001,WMT-CA-001,23,high,delivered,2026-03-18T14:49:12.375890,2026-03-22T14:49:12.375890
SHP-00297,TOYS-001,WMT-GA-001,44,normal,pending,2026-03-06T14:49:12.375890,
SHP-00298,CLTH-002,WMT-TX-002,45,normal,in_transit,2026-03-11T14:49:12.375890,
SHP-00299,CLTH-001,WMT-TX-002,108,normal,in_transit,2026-03-15T14:49:12.375890,
SHP-00300,HOME-002,WMT-CA-001,5,normal,in_transit,2026-03-05T14:49:12.375890,
SHP-00301,ELEC-001,WMT-FL-001,129,normal,in_transit,2026-03-05T14:49:12.375890,
SHP-00302,HOME-001,WMT-CA-002,133,normal,in_transit,2026-03-12T14:49:12.375890,
SHP-00303,HOME-002,WMT-AZ-001,75,critical,cancelled,2026-03-07T14:49:12.375890,
SHP-00304,ELEC-002,WMT-TX-002,183,high,delivered,2026-03-04T14:49:12.375890,2026-03-06T14:49:12.375890
SHP-00305,ELEC-002,WMT-WA-001,75,normal,delivered,2026-02-21T14:49:12.375890,2026-02-24T14:49:12.375890
SHP-00306,GROC-002,WMT-CA-001,30,low,pending,2026-02-24T14:49:12.375890,
SHP-00307,ELEC-001,WMT-GA-001,148,high,pending,2026-03-15T14:49:12.375890,
SHP-00308,HOME-001,WMT-WA-001,14,normal,delivered,2026-02-21T14:49:12.375890,2026-02-24T14:49:12.375890
SHP-00309,HOME-001,WMT-TX-001,105,high,in_transit,2026-03-02T14:49:12.375890,
SHP-00310,CLTH-001,WMT-TX-001,184,normal,delivered,2026-02-16T14:49:12.375890,2026-02-21T14:49:12.375890
SHP-00311,ELEC-001,WMT-FL-001,39,high,pending,2026-03-03T14:49:12.375890,
SHP-00312,ELEC-001,WMT-CA-002,80,normal,delivered,2026-02-25T14:49:12.375890,2026-03-01T14:49:12.375890
SHP-00313,TOYS-001,WMT-AZ-001,120,low,delivered,2026-02-24T14:49:12.375890,2026-02-26T14:49:12.375890
SHP-00314,HOME-002,WMT-TX-001,176,critical,delivered,2026-03-17T14:49:12.375890,2026-03-20T14:49:12.375890
SHP-00315,GROC-002,WMT-TX-001,128,normal,delivered,2026-03-17T14:49:12.375890,2026-03-20T14:49:12.375890
SHP-00316,HOME-001,WMT-TX-001,135,normal,delivered,2026-02-19T14:49:12.375890,2026-02-20T14:49:12.375890
SHP-00317,HOME-001,WMT-GA-001,53,normal,delivered,2026-03-14T14:49:12.375890,2026-03-15T14:49:12.375890
SHP-00318,CLTH-001,WMT-WA-001,93,normal,delivered,2026-02-18T14:49:12.375890,2026-02-22T14:49:12.375890
SHP-00319,GROC-002,WMT-NY-001,67,normal,in_transit,2026-03-05T14:49:12.375890,
SHP-00320,CLTH-001,WMT-TX-002,127,normal,pending,2026-02-22T14:49:12.375890,
SHP-00321,TOYS-001,WMT-TX-001,0,normal,pending,2026-03-17T14:49:12.375890,
SHP-00322,ELEC-001,WMT-TX-002,148,high,pending,2026-03-15T14:49:12.375890,
SHP-00323,CLTH-002,WMT-TX-002,4,low,delivered,2026-03-13T14:49:12.375890,2026-03-15T14:49:12.375890
SHP-00324,INVALID-SKU,WMT-IL-001,25,normal,pending,2026-03-01T14:49:12.375890,
SHP-00325,HOME-002,WMT-TX-001,20,normal,pending,2026-02-18T14:49:12.375890,
SHP-00326,HOME-002,WMT-WA-001,135,low,pending,2026-03-04T14:49:12.375890,
SHP-00327,HOME-002,WMT-NY-001,196,normal,in_transit,2026-02-16T14:49:12.375890,
SHP-00328,ELEC-003,WMT-NY-001,89,normal,in_transit,2026-03-17T14:49:12.375890,
SHP-00329,ELEC-002,WMT-CA-002,-3,normal,in_transit,2026-02-28T14:49:12.375890,
SHP-00330,INVALID-SKU,WMT-CA-002,10,normal,delivered,2026-02-28T14:49:12.375890,2026-03-03T14:49:12.375890
SHP-00331,CLTH-001,WMT-AZ-001,81,normal,delivered,2026-03-02T14:49:12.375890,2026-03-06T14:49:12.375890
SHP-00332,GROC-002,WMT-CA-002,162,normal,in_transit,2026-03-10T14:49:12.375890,
SHP-00333,GROC-002,WMT-CA-002,0,low,in_transit,2026-03-03T14:49:12.375890,
SHP-00334,ELEC-003,WMT-GA-001,188,high,pending,2026-03-02T14:49:12.375890,
SHP-00335,GROC-001,WMT-CA-002,110,high,pending,2026-02-23T14:49:12.375890,
SHP-00336,HOME-002,WMT-NY-001,65,low,in_transit,2026-03-12T14:49:12.375890,
SHP-00337,GROC-002,WMT-FL-001,11,critical,in_transit,2026-02-16T14:49:12.375890,
SHP-00338,ELEC-003,WMT-NY-001,140,low,cancelled,2026-03-03T14:49:12.375890,
SHP-00339,CLTH-001,WMT-TX-002,194,normal,delivered,2026-03-02T14:49:12.375890,2026-03-06T14:49:12.375890
SHP-00340,GROC-001,WMT-GA-001,109,normal,delivered,2026-02-19T14:49:12.375890,2026-02-22T14:49:12.375890
SHP-00341,HOME-002,WMT-FL-001,40,low,cancelled,2026-02-21T14:49:12.375890,
SHP-00342,GROC-002,WMT-NY-001,59,critical,pending,2026-03-02T14:49:12.375890,
SHP-00343,HOME-001,WMT-CA-001,191,normal,pending,2026-03-03T14:49:12.375890,
SHP-00344,GROC-001,WMT-CA-001,37,normal,delivered,2026-02-17T14:49:12.375890,2026-02-22T14:49:12.375890
SHP-00345,GROC-001,WMT-NY-001,77,low,in_transit,2026-02-25T14:49:12.375890,
SHP-00346,GROC-002,WMT-TX-002,101,low,delivered,2026-02-24T14:49:12.375890,2026-02-28T14:49:12.375890
SHP-00347,GROC-001,WMT-GA-001,17,high,in_transit,2026-03-15T14:49:12.375890,
SHP-00348,ELEC-002,WMT-CA-001,119,high,in_transit,2026-03-01T14:49:12.375890,
SHP-00349,ELEC-002,WMT-IL-001,173,low,delivered,2026-03-05T14:49:12.375890,2026-03-06T14:49:12.375890
SHP-00350,ELEC-003,WMT-TX-002,34,normal,in_transit,2026-02-23T14:49:12.375890,
SHP-00351,CLTH-001,WMT-CA-002,102,normal,pending,2026-03-17T14:49:12.375890,
SHP-00352,GROC-002,WMT-NY-001,54,low,delivered,2026-03-16T14:49:12.375890,2026-03-20T14:49:12.375890
SHP-00353,HOME-001,WMT-TX-001,154,low,delivered,2026-02-25T14:49:12.375890,2026-03-02T14:49:12.375890
SHP-00354,CLTH-001,WMT-CA-002,180,low,delivered,2026-03-13T14:49:12.375890,2026-03-18T14:49:12.375890
SHP-00355,ELEC-003,WMT-NY-001,1,critical,in_transit,2026-03-08T14:49:12.375890,
SHP-00356,HOME-002,WMT-WA-001,174,high,in_transit,2026-03-04T14:49:12.375890,
SHP-00357,CLTH-002,WMT-FL-001,155,normal,in_transit,2026-02-27T14:49:12.375890,
SHP-00358,CLTH-002,WMT-FL-001,74,high,delivered,2026-03-16T14:49:12.375890,2026-03-17T14:49:12.375890
SHP-00359,HOME-001,WMT-TX-001,130,normal,delivered,2026-03-13T14:49:12.375890,2026-03-15T14:49:12.375890
SHP-00360,ELEC-003,WMT-WA-001,35,low,delivered,2026-03-01T14:49:12.375890,2026-03-04T14:49:12.375890
SHP-00361,GROC-002,WMT-WA-001,25,normal,delivered,2026-02-28T14:49:12.375890,2026-03-02T14:49:12.375890
SHP-00362,ELEC-002,WMT-FL-001,16,normal,in_transit,2026-03-14T14:49:12.375890,
SHP-00363,GROC-001,WMT-IL-001,11,normal,in_transit,2026-02-28T14:49:12.375890,
SHP-00364,CLTH-002,WMT-IL-001,180,critical,delivered,2026-03-12T14:49:12.375890,2026-03-17T14:49:12.375890
SHP-00365,HOME-001,WMT-TX-002,144,normal,delivered,2026-03-03T14:49:12.375890,2026-03-06T14:49:12.375890
SHP-00366,ELEC-001,WMT-GA-001,2,normal,delivered,2026-03-02T14:49:12.375890,2026-03-07T14:49:12.375890
SHP-00367,ELEC-001,WMT-CA-002,94,low,in_transit,2026-03-02T14:49:12.375890,
SHP-00368,INVALID-SKU,WMT-AZ-001,122,high,in_transit,2026-02-26T14:49:12.375890,
SHP-00369,CLTH-002,WMT-CA-001,187,high,pending,2026-02-18T14:49:12.375890,
SHP-00370,GROC-001,WMT-AZ-001,186,high,pending,2026-02-24T14:49:12.375890,
SHP-00371,GROC-001,WMT-AZ-001,12,low,delivered,2026-03-14T14:49:12.375890,2026-03-16T14:49:12.375890
SHP-00372,ELEC-002,WMT-IL-001,179,normal,delivered,2026-02-25T14:49:12.375890,2026-02-28T14:49:12.375890
SHP-00373,ELEC-003,WMT-FL-001,67,normal,delivered,2026-02-21T14:49:12.375890,2026-02-26T14:49:12.375890
SHP-00374,GROC-001,WMT-GA-001,139,high,pending,2026-03-03T14:49:12.375890,
SHP-00375,HOME-002,WMT-FL-001,172,normal,in_transit,2026-03-09T14:49:12.375890,
SHP-00376,GROC-002,WMT-CA-001,81,critical,delivered,2026-02-22T14:49:12.375890,2026-02-26T14:49:12.375890
SHP-00377,CLTH-001,WMT-FL-001,144,normal,delivered,2026-03-05T14:49:12.375890,2026-03-06T14:49:12.375890
SHP-00378,ELEC-003,WMT-GA-001,123,high,in_transit,2026-02-26T14:49:12.375890,
SHP-00379,INVALID-SKU,WMT-FL-001,21,low,delivered,2026-03-09T14:49:12.375890,2026-03-12T14:49:12.375890
SHP-00380,ELEC-002,WMT-TX-001,84,high,in_transit,2026-02-16T14:49:12.375890,
SHP-00381,CLTH-002,WMT-CA-002,169,normal,pending,2026-03-18T14:49:12.375890,
SHP-00382,ELEC-001,WMT-AZ-001,46,normal,delivered,2026-02-17T14:49:12.375890,2026-02-21T14:49:12.375890
SHP-00383,GROC-002,WMT-FL-001,122,critical,pending,2026-03-17T14:49:12.375890,
SHP-00384,HOME-001,WMT-CA-002,-3,low,delivered,2026-02-17T14:49:12.375890,2026-02-22T14:49:12.375890
SHP-00385,ELEC-001,WMT-NY-001,75,high,delivered,2026-03-11T14:49:12.375890,2026-03-15T14:49:12.375890
SHP-00386,ELEC-002,WMT-WA-001,7,low,pending,2026-02-23T14:49:12.375890,
SHP-00387,HOME-001,WMT-AZ-001,27,normal,in_transit,2026-02-27T14:49:12.375890,
SHP-00388,HOME-001,WMT-IL-001,190,critical,in_transit,2026-03-10T14:49:12.375890,
SHP-00389,ELEC-003,WMT-WA-001,32,normal,in_transit,2026-03-13T14:49:12.375890,
SHP-00390,CLTH-001,WMT-CA-001,177,normal,in_transit,2026-02-25T14:49:12.375890,
SHP-00391,HOME-001,WMT-NY-001,141,low,in_transit,2026-03-11T14:49:12.375890,
SHP-00392,HOME-001,WMT-NY-001,76,high,in_transit,2026-02-16T14:49:12.375890,
SHP-00393,GROC-002,WMT-IL-001,129,critical,in_transit,2026-03-02T14:49:12.375890,
SHP-00394,ELEC-002,WMT-GA-001,194,high,delivered,2026-03-15T14:49:12.375890,2026-03-17T14:49:12.375890
SHP-00395,ELEC-003,WMT-CA-002,2,high,in_transit,2026-02-27T14:49:12.375890,
SHP-00396,HOME-002,WMT-GA-001,67,normal,delivered,2026-03-02T14:49:12.375890,2026-03-07T14:49:12.375890
SHP-00397,ELEC-003,WMT-GA-001,53,low,delivered,2026-02-22T14:49:12.375890,2026-02-25T14:49:12.375890
SHP-00398,GROC-002,WMT-NY-001,155,normal,delivered,2026-02-23T14:49:12.375890,2026-02-25T14:49:12.375890
SHP-00399,HOME-001,WMT-AZ-001,21,high,delivered,2026-02-25T14:49:12.375890,2026-02-28T14:49:12.375890
SHP-00400,ELEC-002,WMT-WA-001,58,normal,in_transit,2026-03-08T14:49:12.375890,
SHP-00401,HOME-001,WMT-CA-002,88,low,delivered,2026-02-28T14:49:12.375890,2026-03-03T14:49:12.375890
SHP-00402,ELEC-003,WMT-FL-001,160,high,delivered,2026-02-25T14:49:12.375890,2026-02-28T14:49:12.375890
SHP-00403,HOME-001,WMT-FL-001,198,low,in_transit,2026-03-12T14:49:12.375890,
SHP-00404,HOME-002,WMT-FL-001,86,normal,delivered,2026-03-17T14:49:12.375890,2026-03-22T14:49:12.375890
SHP-00405,HOME-001,WMT-FL-001,124,high,delivered,2026-02-23T14:49:12.375890,2026-02-27T14:49:12.375890
SHP-00406,ELEC-002,WMT-AZ-001,90,normal,delivered,2026-02-19T14:49:12.375890,2026-02-21T14:49:12.375890
SHP-00407,HOME-001,WMT-NY-001,119,normal,in_transit,2026-03-02T14:49:12.375890,
SHP-00408,TOYS-001,WMT-FL-001,92,normal,pending,2026-03-16T14:49:12.375890,
SHP-00409,GROC-001,WMT-FL-001,73,normal,in_transit,2026-03-04T14:49:12.375890,
SHP-00410,CLTH-002,WMT-CA-002,38,normal,delivered,2026-02-20T14:49:12.375890,2026-02-23T14:49:12.375890
SHP-00411,ELEC-002,WMT-AZ-001,195,low,pending,2026-03-05T14:49:12.375890,
SHP-00412,HOME-001,WMT-TX-002,20,low,delivered,2026-02-28T14:49:12.375890,2026-03-01T14:49:12.375890
SHP-00413,HOME-002,WMT-IL-001,200,normal,pending,2026-03-14T14:49:12.375890,
SHP-00414,HOME-002,WMT-CA-002,4,normal,delivered,2026-03-01T14:49:12.375890,2026-03-02T14:49:12.375890
SHP-00415,ELEC-001,WMT-CA-002,192,high,in_transit,2026-02-17T14:49:12.375890,
SHP-00416,INVALID-SKU,WMT-CA-002,89,high,delivered,2026-03-17T14:49:12.375890,2026-03-21T14:49:12.375890
SHP-00417,CLTH-002,WMT-FL-001,136,normal,pending,2026-02-26T14:49:12.375890,
SHP-00418,CLTH-002,WMT-GA-001,125,normal,in_transit,2026-03-09T14:49:12.375890,
SHP-00419,HOME-001,WMT-GA-001,131,low,in_transit,2026-03-11T14:49:12.375890,
SHP-00420,HOME-001,WMT-CA-001,20,low,delivered,2026-02-19T14:49:12.375890,2026-02-24T14:49:12.375890
SHP-00421,TOYS-001,WMT-AZ-001,136,low,in_transit,2026-03-17T14:49:12.375890,
SHP-00422,HOME-001,WMT-CA-002,23,low,delivered,2026-03-09T14:49:12.375890,2026-03-10T14:49:12.375890
SHP-00423,CLTH-001,WMT-NY-001,51,normal,in_transit,2026-03-15T14:49:12.375890,
SHP-00424,GROC-002,WMT-CA-002,63,low,delivered,2026-02-24T14:49:12.375890,2026-02-25T14:49:12.375890
SHP-00425,CLTH-002,WMT-CA-001,91,normal,pending,2026-03-10T14:49:12.375890,
SHP-00426,ELEC-003,WMT-AZ-001,127,normal,in_transit,2026-03-18T14:49:12.375890,
SHP-00427,CLTH-001,WMT-AZ-001,122,normal,delivered,2026-03-17T14:49:12.375890,2026-03-22T14:49:12.375890
SHP-00428,ELEC-003,WMT-GA-001,89,normal,delivered,2026-03-07T14:49:12.375890,2026-03-10T14:49:12.375890
SHP-00429,ELEC-003,WMT-IL-001,107,normal,delivered,2026-03-18T14:49:12.375890,2026-03-20T14:49:12.375890
SHP-00430,CLTH-002,WMT-TX-002,165,normal,in_transit,2026-03-02T14:49:12.375890,
SHP-00431,GROC-002,WMT-IL-001,99,normal,in_transit,2026-03-04T14:49:12.375890,
SHP-00432,GROC-002,WMT-TX-001,2,low,pending,2026-03-01T14:49:12.375890,
SHP-00433,ELEC-003,WMT-NY-001,28,high,in_transit,2026-02-16T14:49:12.375890,
SHP-00434,GROC-002,WMT-WA-001,130,normal,cancelled,2026-03-18T14:49:12.375890,
SHP-00435,GROC-002,WMT-IL-001,106,normal,in_transit,2026-03-10T14:49:12.375890,
SHP-00436,CLTH-001,WMT-TX-002,88,normal,pending,2026-03-09T14:49:12.375890,
SHP-00437,TOYS-001,WMT-TX-002,9,low,cancelled,2026-03-05T14:49:12.375890,
SHP-00438,GROC-001,WMT-TX-002,187,high,delivered,2026-03-17T14:49:12.375890,2026-03-18T14:49:12.375890
SHP-00439,CLTH-001,WMT-WA-001,177,normal,delivered,2026-02-21T14:49:12.375890,2026-02-26T14:49:12.375890
SHP-00440,ELEC-003,WMT-IL-001,92,low,in_transit,2026-02-16T14:49:12.375890,
SHP-00441,GROC-001,WMT-CA-002,84,low,in_transit,2026-02-19T14:49:12.375890,
SHP-00442,CLTH-001,WMT-FL-001,155,high,delivered,2026-03-18T14:49:12.375890,2026-03-20T14:49:12.375890
SHP-00443,HOME-002,WMT-GA-001,172,low,delivered,2026-02-23T14:49:12.375890,2026-02-27T14:49:12.375890
SHP-00444,HOME-002,WMT-NY-001,150,low,pending,2026-03-03T14:49:12.375890,
SHP-00445,CLTH-002,WMT-TX-002,186,high,in_transit,2026-03-03T14:49:12.375890,
SHP-00446,GROC-002,WMT-GA-001,197,normal,pending,2026-03-11T14:49:12.375890,
SHP-00447,CLTH-002,WMT-IL-001,147,normal,pending,2026-03-15T14:49:12.375890,
SHP-00448,HOME-002,WMT-CA-001,190,normal,delivered,2026-03-15T14:49:12.375890,2026-03-19T14:49:12.375890
SHP-00449,GROC-002,WMT-CA-002,148,normal,in_transit,2026-03-13T14:49:12.375890,
SHP-00450,TOYS-001,WMT-NY-001,71,high,pending,2026-02-20T14:49:12.375890,
SHP-00451,ELEC-003,WMT-GA-001,134,high,pending,2026-03-18T14:49:12.375890,
SHP-00452,ELEC-003,WMT-TX-001,104,high,delivered,2026-02-24T14:49:12.375890,2026-02-27T14:49:12.375890
SHP-00453,TOYS-001,WMT-AZ-001,15,normal,delivered,2026-03-05T14:49:12.375890,2026-03-10T14:49:12.375890
SHP-00454,ELEC-002,WMT-TX-002,35,normal,delivered,2026-02-18T14:49:12.375890,2026-02-20T14:49:12.375890
SHP-00455,ELEC-003,WMT-WA-001,43,high,in_transit,2026-03-09T14:49:12.375890,
SHP-00456,GROC-002,WMT-WA-001,36,normal,delivered,2026-03-03T14:49:12.375890,2026-03-06T14:49:12.375890
SHP-00457,CLTH-002,WMT-GA-001,52,low,in_transit,2026-03-02T14:49:12.375890,
SHP-00458,HOME-002,WMT-TX-001,149,high,delivered,2026-03-15T14:49:12.375890,2026-03-20T14:49:12.375890
SHP-00459,TOYS-001,WMT-WA-001,153,high,delivered,2026-02-20T14:49:12.375890,2026-02-21T14:49:12.375890
SHP-00460,GROC-001,WMT-TX-001,78,high,delivered,2026-03-06T14:49:12.375890,2026-03-08T14:49:12.375890
SHP-00461,CLTH-002,WMT-TX-001,134,low,pending,2026-02-18T14:49:12.375890,
SHP-00462,GROC-001,WMT-WA-001,87,high,delivered,2026-03-09T14:49:12.375890,2026-03-10T14:49:12.375890
SHP-00463,ELEC-003,WMT-TX-002,172,normal,delivered,2026-03-13T14:49:12.375890,2026-03-14T14:49:12.375890
SHP-00464,ELEC-001,WMT-IL-001,86,low,pending,2026-03-10T14:49:12.375890,
SHP-00465,INVALID-SKU,WMT-TX-002,63,normal,delivered,2026-02-18T14:49:12.375890,2026-02-23T14:49:12.375890
SHP-00466,CLTH-001,WMT-TX-002,103,high,delivered,2026-02-18T14:49:12.375890,2026-02-23T14:49:12.375890
SHP-00467,CLTH-002,WMT-CA-002,94,low,delivered,2026-03-08T14:49:12.375890,2026-03-09T14:49:12.375890
SHP-00468,CLTH-001,WMT-IL-001,159,normal,delivered,2026-03-16T14:49:12.375890,2026-03-19T14:49:12.375890
SHP-00469,CLTH-002,WMT-TX-001,8,high,in_transit,2026-03-06T14:49:12.375890,
SHP-00470,GROC-002,WMT-CA-001,107,normal,in_transit,2026-03-11T14:49:12.375890,
SHP-00471,GROC-002,WMT-CA-001,0,normal,in_transit,2026-03-12T14:49:12.375890,
SHP-00472,ELEC-003,WMT-IL-001,95,low,delivered,2026-02-27T14:49:12.375890,2026-03-02T14:49:12.375890
SHP-00473,ELEC-001,WMT-IL-001,0,low,in_transit,2026-02-22T14:49:12.375890,
SHP-00474,TOYS-001,WMT-WA-001,160,normal,in_transit,2026-02-25T14:49:12.375890,
SHP-00475,TOYS-001,WMT-NY-001,52,normal,delivered,2026-02-28T14:49:12.375890,2026-03-02T14:49:12.375890
SHP-00476,ELEC-003,WMT-TX-001,154,normal,cancelled,2026-02-25T14:49:12.375890,
SHP-00477,GROC-002,WMT-TX-002,23,normal,pending,2026-02-21T14:49:12.375890,
SHP-00478,GROC-001,WMT-CA-002,145,low,in_transit,2026-03-01T14:49:12.375890,
SHP-00479,INVALID-SKU,WMT-WA-001,144,normal,in_transit,2026-02-22T14:49:12.375890,
SHP-00480,ELEC-003,WMT-AZ-001,171,low,pending,2026-03-02T14:49:12.375890,
SHP-00481,HOME-001,WMT-CA-002,181,normal,pending,2026-03-03T14:49:12.375890,
SHP-00482,CLTH-002,WMT-AZ-001,115,high,in_transit,2026-02-21T14:49:12.375890,
SHP-00483,ELEC-003,WMT-CA-001,12,low,pending,2026-02-25T14:49:12.375890,
SHP-00484,HOME-002,WMT-GA-001,78,normal,delivered,2026-02-24T14:49:12.375890,2026-03-01T14:49:12.375890
SHP-00485,GROC-001,WMT-CA-002,51,low,delivered,2026-03-02T14:49:12.375890,2026-03-03T14:49:12.375890
SHP-00486,ELEC-001,WMT-TX-002,144,normal,in_transit,2026-03-01T14:49:12.375890,
SHP-00487,TOYS-001,WMT-NY-001,78,normal,delivered,2026-03-06T14:49:12.375890,2026-03-09T14:49:12.375890
SHP-00488,ELEC-002,WMT-FL-001,147,low,in_transit,2026-02-21T14:49:12.375890,
SHP-00489,CLTH-001,WMT-AZ-001,42,normal,in_transit,2026-02-26T14:49:12.375890,
SHP-00490,TOYS-001,WMT-TX-002,113,critical,delivered,2026-02-25T14:49:12.375890,2026-02-28T14:49:12.375890
SHP-00491,ELEC-003,WMT-IL-001,126,low,delivered,2026-03-04T14:49:12.375890,2026-03-08T14:49:12.375890
SHP-00492,ELEC-001,WMT-CA-001,188,low,pending,2026-03-11T14:49:12.375890,
SHP-00493,GROC-002,WMT-IL-001,70,low,delivered,2026-03-01T14:49:12.375890,2026-03-02T14:49:12.375890
SHP-00494,ELEC-001,WMT-GA-001,132,normal,delivered,2026-02-28T14:49:12.375890,2026-03-04T14:49:12.375890
SHP-00495,ELEC-001,WMT-TX-001,112,low,pending,2026-03-18T14:49:12.375890,
SHP-00496,GROC-001,WMT-FL-001,133,low,delivered,2026-03-10T14:49:12.375890,2026-03-11T14:49:12.375890
SHP-00497,ELEC-003,WMT-CA-002,144,low,delivered,2026-03-10T14:49:12.375890,2026-03-15T14:49:12.375890
SHP-00498,GROC-001,WMT-IL-001,134,normal,delivered,2026-02-18T14:49:12.375890,2026-02-22T14:49:12.375890
SHP-00499,GROC-001,WMT-FL-001,55,normal,pending,2026-02-16T14:49:12.375890,
SHP-00500,ELEC-003,WMT-CA-001,16,critical,delivered,2026-02-18T14:49:12.375890,2026-02-21T14:49:12.375890
